feature,label,position,variance,std_dev
EP,nucleosomal,1,,
EP,nucleosomal,2,,
EP,nucleosomal,3,1.542049,1.241793
EP,nucleosomal,4,1.608335,1.268201
EP,nucleosomal,5,1.617938,1.271982
EP,nucleosomal,6,1.598938,1.264491
EP,nucleosomal,7,1.627248,1.275636
EP,nucleosomal,8,1.540538,1.241184
EP,nucleosomal,9,1.545298,1.2431
EP,nucleosomal,10,1.612681,1.269914
EP,nucleosomal,11,1.660282,1.288519
EP,nucleosomal,12,1.658749,1.287924
EP,nucleosomal,13,1.657969,1.287622
EP,nucleosomal,14,1.622551,1.273794
EP,nucleosomal,15,1.591773,1.261655
EP,nucleosomal,16,1.59459,1.262771
EP,nucleosomal,17,1.650627,1.284767
EP,nucleosomal,18,1.574652,1.254851
EP,nucleosomal,19,1.709398,1.307439
EP,nucleosomal,20,1.634836,1.278607
EP,nucleosomal,21,1.590494,1.261148
EP,nucleosomal,22,1.573401,1.254353
EP,nucleosomal,23,1.630706,1.276991
EP,nucleosomal,24,1.759126,1.326321
EP,nucleosomal,25,1.599482,1.264706
EP,nucleosomal,26,1.642838,1.281732
EP,nucleosomal,27,1.486847,1.219364
EP,nucleosomal,28,1.547041,1.243801
EP,nucleosomal,29,1.513111,1.230086
EP,nucleosomal,30,1.528003,1.236124
EP,nucleosomal,31,1.64792,1.283713
EP,nucleosomal,32,1.479946,1.21653
EP,nucleosomal,33,1.535324,1.239082
EP,nucleosomal,34,1.589795,1.260871
EP,nucleosomal,35,1.499303,1.22446
EP,nucleosomal,36,1.507977,1.227997
EP,nucleosomal,37,1.584803,1.258889
EP,nucleosomal,38,1.57241,1.253958
EP,nucleosomal,39,1.529113,1.236573
EP,nucleosomal,40,1.52229,1.233811
EP,nucleosomal,41,1.51332,1.230171
EP,nucleosomal,42,1.646078,1.282996
EP,nucleosomal,43,1.519892,1.232839
EP,nucleosomal,44,1.483634,1.218045
EP,nucleosomal,45,1.464421,1.210133
EP,nucleosomal,46,1.61309,1.270075
EP,nucleosomal,47,1.489184,1.220321
EP,nucleosomal,48,1.509945,1.228798
EP,nucleosomal,49,1.437199,1.198832
EP,nucleosomal,50,1.524443,1.234683
EP,nucleosomal,51,1.509178,1.228486
EP,nucleosomal,52,1.478328,1.215865
EP,nucleosomal,53,1.508544,1.228228
EP,nucleosomal,54,1.397652,1.182223
EP,nucleosomal,55,1.450807,1.204495
EP,nucleosomal,56,1.531367,1.237484
EP,nucleosomal,57,1.576089,1.255424
EP,nucleosomal,58,1.5204,1.233045
EP,nucleosomal,59,1.498252,1.224031
EP,nucleosomal,60,1.505087,1.22682
EP,nucleosomal,61,1.418992,1.191214
EP,nucleosomal,62,1.480682,1.216833
EP,nucleosomal,63,1.411351,1.188003
EP,nucleosomal,64,1.546472,1.243572
EP,nucleosomal,65,1.642663,1.281664
EP,nucleosomal,66,1.544232,1.242671
EP,nucleosomal,67,1.570616,1.253242
EP,nucleosomal,68,1.527031,1.235731
EP,nucleosomal,69,1.466908,1.21116
EP,nucleosomal,70,1.621546,1.273399
EP,nucleosomal,71,1.519363,1.232624
EP,nucleosomal,72,1.363138,1.167535
EP,nucleosomal,73,1.400196,1.183299
EP,nucleosomal,74,1.431839,1.196595
EP,nucleosomal,75,1.431583,1.196488
EP,nucleosomal,76,1.415779,1.189865
EP,nucleosomal,77,1.423049,1.192916
EP,nucleosomal,78,1.37241,1.171499
EP,nucleosomal,79,1.402322,1.184197
EP,nucleosomal,80,1.446486,1.2027
EP,nucleosomal,81,1.444129,1.201719
EP,nucleosomal,82,1.43686,1.198691
EP,nucleosomal,83,1.412529,1.188499
EP,nucleosomal,84,1.426914,1.194535
EP,nucleosomal,85,1.355492,1.164256
EP,nucleosomal,86,1.415926,1.189927
EP,nucleosomal,87,1.536937,1.239733
EP,nucleosomal,88,1.539025,1.240574
EP,nucleosomal,89,1.469956,1.212417
EP,nucleosomal,90,1.376472,1.173231
EP,nucleosomal,91,1.409903,1.187393
EP,nucleosomal,92,1.527454,1.235902
EP,nucleosomal,93,1.550017,1.244997
EP,nucleosomal,94,1.367836,1.169545
EP,nucleosomal,95,1.44112,1.200467
EP,nucleosomal,96,1.426428,1.194331
EP,nucleosomal,97,1.455591,1.206479
EP,nucleosomal,98,1.583704,1.258453
EP,nucleosomal,99,1.60635,1.267419
EP,nucleosomal,100,1.583145,1.258231
EP,nucleosomal,101,1.452964,1.20539
EP,nucleosomal,102,1.477297,1.215441
EP,nucleosomal,103,1.487842,1.219771
EP,nucleosomal,104,1.469679,1.212303
EP,nucleosomal,105,1.45492,1.206201
EP,nucleosomal,106,1.551053,1.245413
EP,nucleosomal,107,1.561476,1.24959
EP,nucleosomal,108,1.543091,1.242212
EP,nucleosomal,109,1.493411,1.222052
EP,nucleosomal,110,1.443719,1.201549
EP,nucleosomal,111,1.501625,1.225408
EP,nucleosomal,112,1.51642,1.23143
EP,nucleosomal,113,1.548167,1.244254
EP,nucleosomal,114,1.539323,1.240694
EP,nucleosomal,115,1.671027,1.292682
EP,nucleosomal,116,1.486295,1.219137
EP,nucleosomal,117,1.531485,1.237532
EP,nucleosomal,118,1.543626,1.242427
EP,nucleosomal,119,1.552661,1.246058
EP,nucleosomal,120,1.636239,1.279156
EP,nucleosomal,121,1.526235,1.235409
EP,nucleosomal,122,1.455336,1.206373
EP,nucleosomal,123,1.537819,1.240088
EP,nucleosomal,124,1.490039,1.220672
EP,nucleosomal,125,1.578585,1.256418
EP,nucleosomal,126,1.595372,1.26308
EP,nucleosomal,127,1.566933,1.251772
EP,nucleosomal,128,1.544255,1.24268
EP,nucleosomal,129,1.605324,1.267014
EP,nucleosomal,130,1.614575,1.270659
EP,nucleosomal,131,1.544615,1.242826
EP,nucleosomal,132,1.608458,1.26825
EP,nucleosomal,133,1.549541,1.244806
EP,nucleosomal,134,1.549635,1.244843
EP,nucleosomal,135,1.527088,1.235754
EP,nucleosomal,136,1.603386,1.266249
EP,nucleosomal,137,1.550771,1.2453
EP,nucleosomal,138,1.527019,1.235726
EP,nucleosomal,139,1.605716,1.267168
EP,nucleosomal,140,1.592812,1.262067
EP,nucleosomal,141,1.66028,1.288519
EP,nucleosomal,142,1.730675,1.315551
EP,nucleosomal,143,1.616547,1.271435
EP,nucleosomal,144,1.631456,1.277285
EP,nucleosomal,145,1.675578,1.294441
EP,nucleosomal,146,,
EP,nucleosomal,147,,
EP,linker,1,,
EP,linker,2,,
EP,linker,3,2.073704,1.440036
EP,linker,4,1.996132,1.412845
EP,linker,5,1.975774,1.405622
EP,linker,6,1.937868,1.392073
EP,linker,7,2.072162,1.439501
EP,linker,8,2.149623,1.466159
EP,linker,9,2.279057,1.509655
EP,linker,10,2.139753,1.46279
EP,linker,11,2.056231,1.433956
EP,linker,12,1.952147,1.397192
EP,linker,13,2.056089,1.433907
EP,linker,14,2.190628,1.480077
EP,linker,15,2.128605,1.458974
EP,linker,16,2.089675,1.445571
EP,linker,17,2.166778,1.471998
EP,linker,18,2.089069,1.445361
EP,linker,19,2.286081,1.511979
EP,linker,20,2.155514,1.468167
EP,linker,21,2.127007,1.458426
EP,linker,22,2.199916,1.483211
EP,linker,23,2.115646,1.454526
EP,linker,24,2.183089,1.477528
EP,linker,25,2.232443,1.494136
EP,linker,26,2.081548,1.442757
EP,linker,27,1.982363,1.407964
EP,linker,28,2.089111,1.445376
EP,linker,29,2.200102,1.483274
EP,linker,30,2.144021,1.464248
EP,linker,31,2.106941,1.45153
EP,linker,32,2.051619,1.432347
EP,linker,33,2.193696,1.481113
EP,linker,34,2.115783,1.454573
EP,linker,35,2.203671,1.484477
EP,linker,36,2.196187,1.481954
EP,linker,37,2.252944,1.500981
EP,linker,38,2.168768,1.472674
EP,linker,39,2.240921,1.496971
EP,linker,40,2.310348,1.519983
EP,linker,41,2.210014,1.486612
EP,linker,42,2.259544,1.503178
EP,linker,43,2.180602,1.476686
EP,linker,44,2.160734,1.469943
EP,linker,45,2.350336,1.533081
EP,linker,46,2.426087,1.55759
EP,linker,47,2.450277,1.565336
EP,linker,48,2.189024,1.479535
EP,linker,49,2.311421,1.520336
EP,linker,50,2.23821,1.496065
EP,linker,51,2.172496,1.473939
EP,linker,52,2.214823,1.488228
EP,linker,53,2.189316,1.479634
EP,linker,54,2.266219,1.505397
EP,linker,55,2.33141,1.526895
EP,linker,56,2.283486,1.511121
EP,linker,57,2.139725,1.46278
EP,linker,58,2.317154,1.52222
EP,linker,59,2.3868,1.544927
EP,linker,60,2.180158,1.476536
EP,linker,61,2.118928,1.455654
EP,linker,62,2.290416,1.513412
EP,linker,63,2.265868,1.50528
EP,linker,64,2.336066,1.52842
EP,linker,65,2.390241,1.54604
EP,linker,66,2.382791,1.543629
EP,linker,67,2.260478,1.503489
EP,linker,68,2.290917,1.513578
EP,linker,69,2.358168,1.535633
EP,linker,70,2.341887,1.530322
EP,linker,71,2.284112,1.511328
EP,linker,72,2.319407,1.52296
EP,linker,73,2.310853,1.520149
EP,linker,74,2.365207,1.537923
EP,linker,75,2.310732,1.520109
EP,linker,76,2.332413,1.527224
EP,linker,77,2.35063,1.533176
EP,linker,78,2.287571,1.512472
EP,linker,79,2.209787,1.486535
EP,linker,80,2.233622,1.494531
EP,linker,81,2.232822,1.494263
EP,linker,82,2.354842,1.534549
EP,linker,83,2.150519,1.466465
EP,linker,84,2.185454,1.478328
EP,linker,85,2.325638,1.525004
EP,linker,86,2.387787,1.545247
EP,linker,87,2.273851,1.507929
EP,linker,88,2.197179,1.482289
EP,linker,89,2.358093,1.535608
EP,linker,90,2.325946,1.525105
EP,linker,91,2.167924,1.472387
EP,linker,92,2.29628,1.515348
EP,linker,93,2.310574,1.520057
EP,linker,94,2.333248,1.527497
EP,linker,95,2.161223,1.47011
EP,linker,96,2.20658,1.485456
EP,linker,97,2.220717,1.490207
EP,linker,98,2.088233,1.445072
EP,linker,99,2.175623,1.474999
EP,linker,100,2.160348,1.469812
EP,linker,101,2.238163,1.496049
EP,linker,102,2.262843,1.504275
EP,linker,103,2.248619,1.499539
EP,linker,104,2.094758,1.447328
EP,linker,105,2.215109,1.488324
EP,linker,106,2.192221,1.480615
EP,linker,107,2.087968,1.44498
EP,linker,108,2.223345,1.491089
EP,linker,109,2.257694,1.502563
EP,linker,110,2.214659,1.488173
EP,linker,111,2.153071,1.467335
EP,linker,112,2.049633,1.431654
EP,linker,113,2.106124,1.451249
EP,linker,114,2.257969,1.502654
EP,linker,115,2.286994,1.512281
EP,linker,116,2.262403,1.504129
EP,linker,117,2.154,1.467651
EP,linker,118,2.150264,1.466378
EP,linker,119,2.18988,1.479824
EP,linker,120,2.255937,1.501978
EP,linker,121,2.309365,1.519659
EP,linker,122,2.224902,1.491611
EP,linker,123,2.051119,1.432173
EP,linker,124,2.218128,1.489338
EP,linker,125,2.068429,1.438203
EP,linker,126,2.158495,1.469182
EP,linker,127,2.271571,1.507173
EP,linker,128,2.119005,1.45568
EP,linker,129,2.257232,1.502409
EP,linker,130,2.368943,1.539137
EP,linker,131,2.084727,1.443858
EP,linker,132,2.126026,1.45809
EP,linker,133,2.199617,1.48311
EP,linker,134,2.195639,1.481769
EP,linker,135,2.032486,1.425653
EP,linker,136,1.942705,1.39381
EP,linker,137,2.055844,1.433822
EP,linker,138,2.063531,1.436499
EP,linker,139,2.257464,1.502486
EP,linker,140,2.1611,1.470068
EP,linker,141,2.096951,1.448085
EP,linker,142,2.028954,1.424414
EP,linker,143,2.161212,1.470106
EP,linker,144,2.05836,1.434699
EP,linker,145,2.033002,1.425834
EP,linker,146,,
EP,linker,147,,
HelT,nucleosomal,1,,
HelT,nucleosomal,2,2.532756,1.591463
HelT,nucleosomal,3,2.574307,1.604465
HelT,nucleosomal,4,2.664774,1.632414
HelT,nucleosomal,5,2.67351,1.635087
HelT,nucleosomal,6,2.456308,1.567261
HelT,nucleosomal,7,2.517541,1.586676
HelT,nucleosomal,8,2.569675,1.603021
HelT,nucleosomal,9,2.502878,1.582049
HelT,nucleosomal,10,2.561572,1.600491
HelT,nucleosomal,11,2.479529,1.574652
HelT,nucleosomal,12,2.565129,1.601602
HelT,nucleosomal,13,2.512127,1.584969
HelT,nucleosomal,14,2.374806,1.541041
HelT,nucleosomal,15,2.554868,1.598395
HelT,nucleosomal,16,2.543496,1.594834
HelT,nucleosomal,17,2.589495,1.609191
HelT,nucleosomal,18,2.593829,1.610537
HelT,nucleosomal,19,2.606855,1.614576
HelT,nucleosomal,20,2.539231,1.593496
HelT,nucleosomal,21,2.589989,1.609344
HelT,nucleosomal,22,2.60614,1.614354
HelT,nucleosomal,23,2.529241,1.590359
HelT,nucleosomal,24,2.580237,1.606312
HelT,nucleosomal,25,2.565226,1.601632
HelT,nucleosomal,26,2.562733,1.600854
HelT,nucleosomal,27,2.613297,1.61657
HelT,nucleosomal,28,2.587927,1.608703
HelT,nucleosomal,29,2.65463,1.629303
HelT,nucleosomal,30,2.56184,1.600575
HelT,nucleosomal,31,2.474926,1.57319
HelT,nucleosomal,32,2.56773,1.602414
HelT,nucleosomal,33,2.41483,1.553972
HelT,nucleosomal,34,2.574607,1.604558
HelT,nucleosomal,35,2.649009,1.627578
HelT,nucleosomal,36,2.587631,1.608612
HelT,nucleosomal,37,2.516801,1.586443
HelT,nucleosomal,38,2.630243,1.621802
HelT,nucleosomal,39,2.594419,1.61072
HelT,nucleosomal,40,2.557743,1.599294
HelT,nucleosomal,41,2.556853,1.599016
HelT,nucleosomal,42,2.615809,1.617346
HelT,nucleosomal,43,2.56843,1.602632
HelT,nucleosomal,44,2.62848,1.621259
HelT,nucleosomal,45,2.47955,1.574659
HelT,nucleosomal,46,2.539396,1.593548
HelT,nucleosomal,47,2.524735,1.588941
HelT,nucleosomal,48,2.551554,1.597358
HelT,nucleosomal,49,2.489367,1.577773
HelT,nucleosomal,50,2.485168,1.576441
HelT,nucleosomal,51,2.567682,1.602399
HelT,nucleosomal,52,2.598561,1.612005
HelT,nucleosomal,53,2.557414,1.599192
HelT,nucleosomal,54,2.596073,1.611233
HelT,nucleosomal,55,2.536918,1.592771
HelT,nucleosomal,56,2.585239,1.607868
HelT,nucleosomal,57,2.484575,1.576253
HelT,nucleosomal,58,2.44575,1.563889
HelT,nucleosomal,59,2.546846,1.595884
HelT,nucleosomal,60,2.620365,1.618754
HelT,nucleosomal,61,2.506532,1.583203
HelT,nucleosomal,62,2.516933,1.586485
HelT,nucleosomal,63,2.634221,1.623028
HelT,nucleosomal,64,2.538101,1.593142
HelT,nucleosomal,65,2.541529,1.594217
HelT,nucleosomal,66,2.619147,1.618378
HelT,nucleosomal,67,2.543871,1.594952
HelT,nucleosomal,68,2.513735,1.585476
HelT,nucleosomal,69,2.544293,1.595084
HelT,nucleosomal,70,2.557046,1.599077
HelT,nucleosomal,71,2.627331,1.620904
HelT,nucleosomal,72,2.535837,1.592431
HelT,nucleosomal,73,2.552786,1.597744
HelT,nucleosomal,74,2.456781,1.567412
HelT,nucleosomal,75,2.655979,1.629718
HelT,nucleosomal,76,2.532978,1.591533
HelT,nucleosomal,77,2.569182,1.602867
HelT,nucleosomal,78,2.492224,1.578678
HelT,nucleosomal,79,2.611377,1.615975
HelT,nucleosomal,80,2.477468,1.573998
HelT,nucleosomal,81,2.530752,1.590834
HelT,nucleosomal,82,2.401294,1.549611
HelT,nucleosomal,83,2.570968,1.603424
HelT,nucleosomal,84,2.556545,1.59892
HelT,nucleosomal,85,2.621357,1.61906
HelT,nucleosomal,86,2.597086,1.611548
HelT,nucleosomal,87,2.502849,1.582039
HelT,nucleosomal,88,2.58905,1.609053
HelT,nucleosomal,89,2.576462,1.605136
HelT,nucleosomal,90,2.510324,1.5844
HelT,nucleosomal,91,2.544539,1.595161
HelT,nucleosomal,92,2.553215,1.597878
HelT,nucleosomal,93,2.455363,1.56696
HelT,nucleosomal,94,2.541129,1.594092
HelT,nucleosomal,95,2.564063,1.601269
HelT,nucleosomal,96,2.479752,1.574723
HelT,nucleosomal,97,2.580385,1.606358
HelT,nucleosomal,98,2.592876,1.610241
HelT,nucleosomal,99,2.630674,1.621935
HelT,nucleosomal,100,2.477126,1.573889
HelT,nucleosomal,101,2.498906,1.580793
HelT,nucleosomal,102,2.478238,1.574242
HelT,nucleosomal,103,2.549357,1.596671
HelT,nucleosomal,104,2.453303,1.566302
HelT,nucleosomal,105,2.597799,1.611769
HelT,nucleosomal,106,2.648072,1.62729
HelT,nucleosomal,107,2.423745,1.556838
HelT,nucleosomal,108,2.420528,1.555804
HelT,nucleosomal,109,2.559293,1.599779
HelT,nucleosomal,110,2.657456,1.630171
HelT,nucleosomal,111,2.597668,1.611728
HelT,nucleosomal,112,2.542117,1.594402
HelT,nucleosomal,113,2.600741,1.612681
HelT,nucleosomal,114,2.653346,1.62891
HelT,nucleosomal,115,2.646653,1.626854
HelT,nucleosomal,116,2.611519,1.61602
HelT,nucleosomal,117,2.66008,1.630975
HelT,nucleosomal,118,2.605823,1.614256
HelT,nucleosomal,119,2.595804,1.61115
HelT,nucleosomal,120,2.610283,1.615637
HelT,nucleosomal,121,2.492729,1.578838
HelT,nucleosomal,122,2.663685,1.63208
HelT,nucleosomal,123,2.567119,1.602223
HelT,nucleosomal,124,2.533441,1.591679
HelT,nucleosomal,125,2.606242,1.614386
HelT,nucleosomal,126,2.481437,1.575258
HelT,nucleosomal,127,2.571951,1.60373
HelT,nucleosomal,128,2.628726,1.621335
HelT,nucleosomal,129,2.546336,1.595724
HelT,nucleosomal,130,2.668991,1.633705
HelT,nucleosomal,131,2.586984,1.60841
HelT,nucleosomal,132,2.584008,1.607485
HelT,nucleosomal,133,2.400591,1.549384
HelT,nucleosomal,134,2.522695,1.588299
HelT,nucleosomal,135,2.541824,1.59431
HelT,nucleosomal,136,2.638429,1.624324
HelT,nucleosomal,137,2.596152,1.611258
HelT,nucleosomal,138,2.543574,1.594858
HelT,nucleosomal,139,2.584954,1.607779
HelT,nucleosomal,140,2.569776,1.603052
HelT,nucleosomal,141,2.652491,1.628647
HelT,nucleosomal,142,2.642813,1.625673
HelT,nucleosomal,143,2.63192,1.622319
HelT,nucleosomal,144,2.605445,1.614139
HelT,nucleosomal,145,2.565241,1.601637
HelT,nucleosomal,146,,
HelT,nucleosomal,147,,
HelT,linker,1,,
HelT,linker,2,2.871291,1.694488
HelT,linker,3,2.825296,1.680862
HelT,linker,4,2.868559,1.693682
HelT,linker,5,2.806701,1.675321
HelT,linker,6,2.755139,1.659861
HelT,linker,7,2.869349,1.693915
HelT,linker,8,2.808838,1.675959
HelT,linker,9,2.784843,1.668785
HelT,linker,10,2.760091,1.661352
HelT,linker,11,2.693756,1.641267
HelT,linker,12,2.696406,1.642074
HelT,linker,13,2.831134,1.682597
HelT,linker,14,2.767581,1.663605
HelT,linker,15,2.878297,1.696554
HelT,linker,16,2.840465,1.685368
HelT,linker,17,2.751916,1.65889
HelT,linker,18,2.726568,1.651232
HelT,linker,19,2.713075,1.647141
HelT,linker,20,2.801825,1.673865
HelT,linker,21,2.820651,1.679479
HelT,linker,22,2.862314,1.691838
HelT,linker,23,2.765899,1.663099
HelT,linker,24,2.861891,1.691712
HelT,linker,25,2.792903,1.671198
HelT,linker,26,2.773032,1.665242
HelT,linker,27,2.854846,1.689629
HelT,linker,28,2.799721,1.673237
HelT,linker,29,2.914576,1.707213
HelT,linker,30,2.878686,1.696669
HelT,linker,31,2.694698,1.641554
HelT,linker,32,2.772211,1.664996
HelT,linker,33,2.882509,1.697795
HelT,linker,34,2.805688,1.675019
HelT,linker,35,2.805604,1.674994
HelT,linker,36,2.910387,1.705986
HelT,linker,37,2.773495,1.665381
HelT,linker,38,2.821806,1.679823
HelT,linker,39,2.78392,1.668508
HelT,linker,40,2.909028,1.705587
HelT,linker,41,2.916639,1.707817
HelT,linker,42,2.809231,1.676076
HelT,linker,43,2.852197,1.688845
HelT,linker,44,2.934364,1.712998
HelT,linker,45,2.926542,1.710714
HelT,linker,46,2.890889,1.700261
HelT,linker,47,2.879134,1.696801
HelT,linker,48,2.840605,1.685409
HelT,linker,49,2.736346,1.65419
HelT,linker,50,2.855018,1.68968
HelT,linker,51,2.844521,1.686571
HelT,linker,52,2.884164,1.698283
HelT,linker,53,2.913355,1.706855
HelT,linker,54,2.758098,1.660752
HelT,linker,55,2.846611,1.68719
HelT,linker,56,2.911465,1.706302
HelT,linker,57,3.002813,1.732863
HelT,linker,58,2.9235,1.709824
HelT,linker,59,3.003546,1.733074
HelT,linker,60,2.906871,1.704955
HelT,linker,61,2.788937,1.670011
HelT,linker,62,2.945642,1.716287
HelT,linker,63,2.923986,1.709967
HelT,linker,64,2.933723,1.712812
HelT,linker,65,2.896537,1.701922
HelT,linker,66,2.803727,1.674433
HelT,linker,67,2.883806,1.698177
HelT,linker,68,2.907928,1.705265
HelT,linker,69,2.928392,1.711255
HelT,linker,70,2.850876,1.688454
HelT,linker,71,2.94633,1.716488
HelT,linker,72,2.894731,1.701391
HelT,linker,73,2.896623,1.701947
HelT,linker,74,2.788587,1.669906
HelT,linker,75,3.014883,1.736342
HelT,linker,76,2.976207,1.725169
HelT,linker,77,2.963036,1.721347
HelT,linker,78,2.95022,1.71762
HelT,linker,79,2.874434,1.695416
HelT,linker,80,2.928278,1.711221
HelT,linker,81,2.918268,1.708294
HelT,linker,82,2.876606,1.696056
HelT,linker,83,2.770751,1.664557
HelT,linker,84,2.97022,1.723433
HelT,linker,85,3.037833,1.742938
HelT,linker,86,2.829472,1.682104
HelT,linker,87,2.850729,1.68841
HelT,linker,88,2.923328,1.709774
HelT,linker,89,2.780386,1.667449
HelT,linker,90,2.800448,1.673454
HelT,linker,91,2.853163,1.689131
HelT,linker,92,2.758672,1.660925
HelT,linker,93,2.868713,1.693728
HelT,linker,94,2.719699,1.649151
HelT,linker,95,2.743513,1.656355
HelT,linker,96,2.770165,1.664381
HelT,linker,97,2.933964,1.712882
HelT,linker,98,2.974761,1.724749
HelT,linker,99,2.829798,1.6822
HelT,linker,100,2.722824,1.650098
HelT,linker,101,2.883181,1.697993
HelT,linker,102,2.786431,1.669261
HelT,linker,103,2.764031,1.662538
HelT,linker,104,2.702653,1.643975
HelT,linker,105,2.842316,1.685917
HelT,linker,106,2.867717,1.693433
HelT,linker,107,2.961043,1.720768
HelT,linker,108,2.714889,1.647692
HelT,linker,109,2.904997,1.704405
HelT,linker,110,2.818743,1.678911
HelT,linker,111,2.84864,1.687791
HelT,linker,112,2.812653,1.677096
HelT,linker,113,2.928471,1.711278
HelT,linker,114,2.854136,1.689419
HelT,linker,115,2.889451,1.699839
HelT,linker,116,2.789357,1.670137
HelT,linker,117,2.994674,1.730513
HelT,linker,118,2.676992,1.636152
HelT,linker,119,2.707586,1.645474
HelT,linker,120,2.918547,1.708375
HelT,linker,121,2.854327,1.689475
HelT,linker,122,2.791362,1.670737
HelT,linker,123,2.721919,1.649824
HelT,linker,124,2.87964,1.69695
HelT,linker,125,2.759576,1.661197
HelT,linker,126,2.806111,1.675145
HelT,linker,127,2.81976,1.679214
HelT,linker,128,2.937678,1.713966
HelT,linker,129,2.81936,1.679095
HelT,linker,130,2.782304,1.668024
HelT,linker,131,2.860525,1.691309
HelT,linker,132,2.86043,1.69128
HelT,linker,133,2.627496,1.620955
HelT,linker,134,2.730297,1.652361
HelT,linker,135,2.813856,1.677455
HelT,linker,136,2.807129,1.675449
HelT,linker,137,2.720424,1.649371
HelT,linker,138,2.822537,1.680041
HelT,linker,139,2.890758,1.700223
HelT,linker,140,2.665637,1.632678
HelT,linker,141,2.776113,1.666167
HelT,linker,142,2.689218,1.639883
HelT,linker,143,2.69724,1.642328
HelT,linker,144,2.819089,1.679014
HelT,linker,145,2.80336,1.674324
HelT,linker,146,,
HelT,linker,147,,
MGW,nucleosomal,1,,
MGW,nucleosomal,2,,
MGW,nucleosomal,3,0.291628,0.540026
MGW,nucleosomal,4,0.294682,0.542846
MGW,nucleosomal,5,0.308044,0.555017
MGW,nucleosomal,6,0.307074,0.554143
MGW,nucleosomal,7,0.285693,0.534503
MGW,nucleosomal,8,0.276619,0.525945
MGW,nucleosomal,9,0.282406,0.531418
MGW,nucleosomal,10,0.285052,0.533903
MGW,nucleosomal,11,0.295323,0.543436
MGW,nucleosomal,12,0.301554,0.549139
MGW,nucleosomal,13,0.296922,0.544906
MGW,nucleosomal,14,0.290985,0.53943
MGW,nucleosomal,15,0.291278,0.539701
MGW,nucleosomal,16,0.292616,0.54094
MGW,nucleosomal,17,0.282146,0.531174
MGW,nucleosomal,18,0.274499,0.523926
MGW,nucleosomal,19,0.293386,0.541651
MGW,nucleosomal,20,0.277165,0.526464
MGW,nucleosomal,21,0.27934,0.528526
MGW,nucleosomal,22,0.274488,0.523916
MGW,nucleosomal,23,0.286171,0.534949
MGW,nucleosomal,24,0.300335,0.548028
MGW,nucleosomal,25,0.281499,0.530565
MGW,nucleosomal,26,0.273152,0.522639
MGW,nucleosomal,27,0.280781,0.529887
MGW,nucleosomal,28,0.262233,0.512087
MGW,nucleosomal,29,0.267816,0.517509
MGW,nucleosomal,30,0.263877,0.51369
MGW,nucleosomal,31,0.270929,0.520509
MGW,nucleosomal,32,0.26322,0.51305
MGW,nucleosomal,33,0.277901,0.527164
MGW,nucleosomal,34,0.273836,0.523293
MGW,nucleosomal,35,0.270906,0.520487
MGW,nucleosomal,36,0.263623,0.513443
MGW,nucleosomal,37,0.279838,0.528998
MGW,nucleosomal,38,0.26477,0.514558
MGW,nucleosomal,39,0.269437,0.519074
MGW,nucleosomal,40,0.26757,0.517271
MGW,nucleosomal,41,0.269837,0.519459
MGW,nucleosomal,42,0.279165,0.528361
MGW,nucleosomal,43,0.273823,0.523281
MGW,nucleosomal,44,0.259817,0.509723
MGW,nucleosomal,45,0.255571,0.505541
MGW,nucleosomal,46,0.275147,0.524545
MGW,nucleosomal,47,0.266545,0.51628
MGW,nucleosomal,48,0.266195,0.515941
MGW,nucleosomal,49,0.251837,0.501833
MGW,nucleosomal,50,0.26432,0.514121
MGW,nucleosomal,51,0.269599,0.519229
MGW,nucleosomal,52,0.260042,0.509943
MGW,nucleosomal,53,0.26145,0.511322
MGW,nucleosomal,54,0.258718,0.508644
MGW,nucleosomal,55,0.257431,0.507376
MGW,nucleosomal,56,0.270908,0.520488
MGW,nucleosomal,57,0.281701,0.530755
MGW,nucleosomal,58,0.259755,0.509661
MGW,nucleosomal,59,0.258674,0.5086
MGW,nucleosomal,60,0.265007,0.514789
MGW,nucleosomal,61,0.254014,0.503998
MGW,nucleosomal,62,0.25335,0.503339
MGW,nucleosomal,63,0.269689,0.519316
MGW,nucleosomal,64,0.269742,0.519367
MGW,nucleosomal,65,0.283096,0.532068
MGW,nucleosomal,66,0.26735,0.517059
MGW,nucleosomal,67,0.26444,0.514237
MGW,nucleosomal,68,0.264352,0.514152
MGW,nucleosomal,69,0.253667,0.503653
MGW,nucleosomal,70,0.281848,0.530893
MGW,nucleosomal,71,0.269407,0.519045
MGW,nucleosomal,72,0.245723,0.495705
MGW,nucleosomal,73,0.254719,0.504697
MGW,nucleosomal,74,0.244027,0.493991
MGW,nucleosomal,75,0.237282,0.487116
MGW,nucleosomal,76,0.250392,0.500392
MGW,nucleosomal,77,0.246673,0.496662
MGW,nucleosomal,78,0.236494,0.486307
MGW,nucleosomal,79,0.256744,0.506699
MGW,nucleosomal,80,0.260263,0.51016
MGW,nucleosomal,81,0.242417,0.492358
MGW,nucleosomal,82,0.251152,0.501151
MGW,nucleosomal,83,0.250282,0.500282
MGW,nucleosomal,84,0.248876,0.498875
MGW,nucleosomal,85,0.24492,0.494894
MGW,nucleosomal,86,0.260292,0.510188
MGW,nucleosomal,87,0.262726,0.512568
MGW,nucleosomal,88,0.267592,0.517293
MGW,nucleosomal,89,0.259025,0.508945
MGW,nucleosomal,90,0.236405,0.486215
MGW,nucleosomal,91,0.250223,0.500223
MGW,nucleosomal,92,0.262724,0.512566
MGW,nucleosomal,93,0.269454,0.51909
MGW,nucleosomal,94,0.259994,0.509896
MGW,nucleosomal,95,0.258816,0.50874
MGW,nucleosomal,96,0.261204,0.511081
MGW,nucleosomal,97,0.271986,0.521523
MGW,nucleosomal,98,0.271931,0.52147
MGW,nucleosomal,99,0.267684,0.517382
MGW,nucleosomal,100,0.265004,0.514785
MGW,nucleosomal,101,0.255638,0.505607
MGW,nucleosomal,102,0.260473,0.510366
MGW,nucleosomal,103,0.271895,0.521436
MGW,nucleosomal,104,0.269436,0.519073
MGW,nucleosomal,105,0.263585,0.513405
MGW,nucleosomal,106,0.269719,0.519345
MGW,nucleosomal,107,0.271956,0.521494
MGW,nucleosomal,108,0.265486,0.515253
MGW,nucleosomal,109,0.257111,0.507061
MGW,nucleosomal,110,0.249469,0.499469
MGW,nucleosomal,111,0.258471,0.5084
MGW,nucleosomal,112,0.275017,0.524421
MGW,nucleosomal,113,0.266646,0.516378
MGW,nucleosomal,114,0.272455,0.521972
MGW,nucleosomal,115,0.278635,0.527859
MGW,nucleosomal,116,0.259967,0.509869
MGW,nucleosomal,117,0.266228,0.515973
MGW,nucleosomal,118,0.271391,0.520952
MGW,nucleosomal,119,0.27447,0.523899
MGW,nucleosomal,120,0.282055,0.531089
MGW,nucleosomal,121,0.261735,0.511601
MGW,nucleosomal,122,0.264989,0.514771
MGW,nucleosomal,123,0.269143,0.51879
MGW,nucleosomal,124,0.271652,0.521202
MGW,nucleosomal,125,0.263495,0.513318
MGW,nucleosomal,126,0.273687,0.523151
MGW,nucleosomal,127,0.27379,0.523249
MGW,nucleosomal,128,0.282736,0.531729
MGW,nucleosomal,129,0.279798,0.52896
MGW,nucleosomal,130,0.275691,0.525063
MGW,nucleosomal,131,0.262994,0.512829
MGW,nucleosomal,132,0.277505,0.526787
MGW,nucleosomal,133,0.27666,0.525984
MGW,nucleosomal,134,0.269531,0.519164
MGW,nucleosomal,135,0.272408,0.521927
MGW,nucleosomal,136,0.278365,0.527603
MGW,nucleosomal,137,0.267139,0.516855
MGW,nucleosomal,138,0.27527,0.524662
MGW,nucleosomal,139,0.280504,0.529626
MGW,nucleosomal,140,0.274692,0.524111
MGW,nucleosomal,141,0.301285,0.548894
MGW,nucleosomal,142,0.297867,0.545771
MGW,nucleosomal,143,0.281549,0.530612
MGW,nucleosomal,144,0.288256,0.536894
MGW,nucleosomal,145,0.305304,0.552543
MGW,nucleosomal,146,,
MGW,nucleosomal,147,,
MGW,linker,1,,
MGW,linker,2,,
MGW,linker,3,0.369557,0.607912
MGW,linker,4,0.354415,0.595328
MGW,linker,5,0.368041,0.606664
MGW,linker,6,0.36393,0.603266
MGW,linker,7,0.370964,0.609068
MGW,linker,8,0.372325,0.610184
MGW,linker,9,0.385332,0.620751
MGW,linker,10,0.38005,0.616482
MGW,linker,11,0.365627,0.604671
MGW,linker,12,0.363057,0.602543
MGW,linker,13,0.362272,0.60189
MGW,linker,14,0.374047,0.611594
MGW,linker,15,0.397881,0.630778
MGW,linker,16,0.397319,0.630332
MGW,linker,17,0.39841,0.631197
MGW,linker,18,0.379554,0.61608
MGW,linker,19,0.38701,0.622101
MGW,linker,20,0.389904,0.624423
MGW,linker,21,0.388143,0.623011
MGW,linker,22,0.385349,0.620765
MGW,linker,23,0.380855,0.617135
MGW,linker,24,0.382523,0.618484
MGW,linker,25,0.403126,0.634922
MGW,linker,26,0.37487,0.612266
MGW,linker,27,0.372177,0.610063
MGW,linker,28,0.398639,0.631379
MGW,linker,29,0.401686,0.633787
MGW,linker,30,0.382223,0.618242
MGW,linker,31,0.373355,0.611028
MGW,linker,32,0.366356,0.605274
MGW,linker,33,0.399969,0.632431
MGW,linker,34,0.387756,0.6227
MGW,linker,35,0.396859,0.629967
MGW,linker,36,0.406535,0.637601
MGW,linker,37,0.396717,0.629855
MGW,linker,38,0.390774,0.625119
MGW,linker,39,0.402243,0.634226
MGW,linker,40,0.408539,0.639171
MGW,linker,41,0.392569,0.626553
MGW,linker,42,0.407552,0.638398
MGW,linker,43,0.413876,0.643332
MGW,linker,44,0.404465,0.635976
MGW,linker,45,0.418862,0.647195
MGW,linker,46,0.417765,0.646347
MGW,linker,47,0.416211,0.645144
MGW,linker,48,0.403877,0.635514
MGW,linker,49,0.405958,0.637149
MGW,linker,50,0.39883,0.63153
MGW,linker,51,0.408894,0.639448
MGW,linker,52,0.407871,0.638648
MGW,linker,53,0.399253,0.631865
MGW,linker,54,0.401242,0.633436
MGW,linker,55,0.424221,0.651322
MGW,linker,56,0.408928,0.639474
MGW,linker,57,0.412472,0.642239
MGW,linker,58,0.426496,0.653066
MGW,linker,59,0.421496,0.649227
MGW,linker,60,0.407787,0.638582
MGW,linker,61,0.400633,0.632956
MGW,linker,62,0.426076,0.652745
MGW,linker,63,0.402971,0.6348
MGW,linker,64,0.416771,0.645578
MGW,linker,65,0.424911,0.651852
MGW,linker,66,0.41245,0.642223
MGW,linker,67,0.405538,0.636819
MGW,linker,68,0.425138,0.652026
MGW,linker,69,0.43226,0.657465
MGW,linker,70,0.40643,0.637519
MGW,linker,71,0.407609,0.638443
MGW,linker,72,0.416698,0.645522
MGW,linker,73,0.424815,0.651778
MGW,linker,74,0.417569,0.646196
MGW,linker,75,0.412931,0.642597
MGW,linker,76,0.422206,0.649773
MGW,linker,77,0.432293,0.65749
MGW,linker,78,0.406106,0.637265
MGW,linker,79,0.407049,0.638004
MGW,linker,80,0.402319,0.634286
MGW,linker,81,0.408371,0.639039
MGW,linker,82,0.41324,0.642837
MGW,linker,83,0.393344,0.627172
MGW,linker,84,0.398189,0.631022
MGW,linker,85,0.405552,0.636829
MGW,linker,86,0.416361,0.64526
MGW,linker,87,0.412045,0.641907
MGW,linker,88,0.402088,0.634104
MGW,linker,89,0.414811,0.644058
MGW,linker,90,0.393669,0.62743
MGW,linker,91,0.405762,0.636994
MGW,linker,92,0.407236,0.63815
MGW,linker,93,0.40415,0.635728
MGW,linker,94,0.4009,0.633167
MGW,linker,95,0.391314,0.625551
MGW,linker,96,0.389162,0.623829
MGW,linker,97,0.386387,0.6216
MGW,linker,98,0.382861,0.618757
MGW,linker,99,0.398525,0.631288
MGW,linker,100,0.3861,0.62137
MGW,linker,101,0.388687,0.623448
MGW,linker,102,0.404361,0.635894
MGW,linker,103,0.388128,0.622999
MGW,linker,104,0.379935,0.616389
MGW,linker,105,0.395099,0.628569
MGW,linker,106,0.386525,0.621712
MGW,linker,107,0.366944,0.605759
MGW,linker,108,0.390774,0.625119
MGW,linker,109,0.402081,0.634098
MGW,linker,110,0.40292,0.63476
MGW,linker,111,0.387114,0.622185
MGW,linker,112,0.387089,0.622164
MGW,linker,113,0.366719,0.605574
MGW,linker,114,0.397124,0.630178
MGW,linker,115,0.411993,0.641867
MGW,linker,116,0.408753,0.639338
MGW,linker,117,0.400281,0.632678
MGW,linker,118,0.383752,0.619477
MGW,linker,119,0.384207,0.619844
MGW,linker,120,0.393277,0.627118
MGW,linker,121,0.396648,0.6298
MGW,linker,122,0.398553,0.631311
MGW,linker,123,0.371453,0.609469
MGW,linker,124,0.37724,0.614198
MGW,linker,125,0.370831,0.608959
MGW,linker,126,0.368474,0.60702
MGW,linker,127,0.40124,0.633435
MGW,linker,128,0.378845,0.615504
MGW,linker,129,0.40675,0.637769
MGW,linker,130,0.413936,0.643379
MGW,linker,131,0.381977,0.618043
MGW,linker,132,0.391762,0.625909
MGW,linker,133,0.391218,0.625474
MGW,linker,134,0.389359,0.623986
MGW,linker,135,0.37444,0.611915
MGW,linker,136,0.357313,0.597757
MGW,linker,137,0.356204,0.596828
MGW,linker,138,0.370154,0.608403
MGW,linker,139,0.384414,0.620011
MGW,linker,140,0.372728,0.610514
MGW,linker,141,0.367207,0.605976
MGW,linker,142,0.372952,0.610698
MGW,linker,143,0.374638,0.612077
MGW,linker,144,0.373916,0.611487
MGW,linker,145,0.374792,0.612203
MGW,linker,146,,
MGW,linker,147,,
ProT,nucleosomal,1,,
ProT,nucleosomal,2,,
ProT,nucleosomal,3,11.607852,3.40703
ProT,nucleosomal,4,11.64572,3.412583
ProT,nucleosomal,5,11.711138,3.422154
ProT,nucleosomal,6,11.432586,3.381211
ProT,nucleosomal,7,11.551787,3.398792
ProT,nucleosomal,8,11.496198,3.390604
ProT,nucleosomal,9,11.448471,3.383559
ProT,nucleosomal,10,11.688335,3.418821
ProT,nucleosomal,11,11.8842,3.447347
ProT,nucleosomal,12,11.403203,3.376863
ProT,nucleosomal,13,12.064745,3.473434
ProT,nucleosomal,14,11.882563,3.447109
ProT,nucleosomal,15,11.80136,3.435311
ProT,nucleosomal,16,12.091292,3.477253
ProT,nucleosomal,17,11.840659,3.441026
ProT,nucleosomal,18,11.782097,3.432506
ProT,nucleosomal,19,11.883803,3.447289
ProT,nucleosomal,20,11.528493,3.395364
ProT,nucleosomal,21,11.680403,3.41766
ProT,nucleosomal,22,11.625667,3.409643
ProT,nucleosomal,23,12.000309,3.464146
ProT,nucleosomal,24,12.161677,3.48736
ProT,nucleosomal,25,12.406952,3.52235
ProT,nucleosomal,26,12.115518,3.480735
ProT,nucleosomal,27,11.484474,3.388875
ProT,nucleosomal,28,11.78779,3.433335
ProT,nucleosomal,29,11.695102,3.41981
ProT,nucleosomal,30,12.04705,3.470886
ProT,nucleosomal,31,11.538614,3.396854
ProT,nucleosomal,32,11.44742,3.383404
ProT,nucleosomal,33,11.054344,3.324807
ProT,nucleosomal,34,11.577881,3.402629
ProT,nucleosomal,35,11.583296,3.403424
ProT,nucleosomal,36,11.617441,3.408437
ProT,nucleosomal,37,11.604183,3.406491
ProT,nucleosomal,38,11.731917,3.425189
ProT,nucleosomal,39,11.366495,3.371423
ProT,nucleosomal,40,11.37202,3.372243
ProT,nucleosomal,41,11.040119,3.322667
ProT,nucleosomal,42,11.320659,3.364619
ProT,nucleosomal,43,11.094267,3.330806
ProT,nucleosomal,44,11.044879,3.323384
ProT,nucleosomal,45,11.338767,3.367308
ProT,nucleosomal,46,11.442226,3.382636
ProT,nucleosomal,47,10.929068,3.305914
ProT,nucleosomal,48,10.779851,3.283268
ProT,nucleosomal,49,11.121986,3.334964
ProT,nucleosomal,50,11.379226,3.373311
ProT,nucleosomal,51,11.064235,3.326294
ProT,nucleosomal,52,11.403551,3.376914
ProT,nucleosomal,53,11.250978,3.354248
ProT,nucleosomal,54,11.145838,3.338538
ProT,nucleosomal,55,11.541714,3.39731
ProT,nucleosomal,56,11.209419,3.348047
ProT,nucleosomal,57,11.156634,3.340155
ProT,nucleosomal,58,11.003329,3.317127
ProT,nucleosomal,59,11.026314,3.320589
ProT,nucleosomal,60,11.327366,3.365615
ProT,nucleosomal,61,11.319042,3.364378
ProT,nucleosomal,62,11.042685,3.323053
ProT,nucleosomal,63,11.356506,3.369942
ProT,nucleosomal,64,11.368555,3.371729
ProT,nucleosomal,65,11.536531,3.396547
ProT,nucleosomal,66,11.267159,3.356659
ProT,nucleosomal,67,11.424407,3.380001
ProT,nucleosomal,68,11.034297,3.321791
ProT,nucleosomal,69,10.998533,3.316404
ProT,nucleosomal,70,11.502194,3.391488
ProT,nucleosomal,71,11.231306,3.351314
ProT,nucleosomal,72,11.159738,3.340619
ProT,nucleosomal,73,11.12207,3.334977
ProT,nucleosomal,74,11.132261,3.336504
ProT,nucleosomal,75,11.175498,3.342977
ProT,nucleosomal,76,11.013342,3.318636
ProT,nucleosomal,77,11.170196,3.342184
ProT,nucleosomal,78,11.270179,3.357109
ProT,nucleosomal,79,11.04524,3.323438
ProT,nucleosomal,80,10.948497,3.308851
ProT,nucleosomal,81,11.104067,3.332277
ProT,nucleosomal,82,11.213872,3.348712
ProT,nucleosomal,83,11.132639,3.336561
ProT,nucleosomal,84,11.333304,3.366497
ProT,nucleosomal,85,11.014141,3.318756
ProT,nucleosomal,86,11.28586,3.359443
ProT,nucleosomal,87,11.256276,3.355037
ProT,nucleosomal,88,11.55747,3.399628
ProT,nucleosomal,89,11.182951,3.344092
ProT,nucleosomal,90,10.954542,3.309765
ProT,nucleosomal,91,10.748496,3.27849
ProT,nucleosomal,92,11.143106,3.338129
ProT,nucleosomal,93,10.926903,3.305587
ProT,nucleosomal,94,10.646301,3.262867
ProT,nucleosomal,95,11.008525,3.31791
ProT,nucleosomal,96,11.131456,3.336384
ProT,nucleosomal,97,10.950352,3.309132
ProT,nucleosomal,98,11.454962,3.384518
ProT,nucleosomal,99,11.867331,3.444899
ProT,nucleosomal,100,11.291858,3.360336
ProT,nucleosomal,101,11.303785,3.36211
ProT,nucleosomal,102,10.952524,3.30946
ProT,nucleosomal,103,11.206375,3.347592
ProT,nucleosomal,104,10.811896,3.288145
ProT,nucleosomal,105,10.824952,3.290129
ProT,nucleosomal,106,11.017805,3.319308
ProT,nucleosomal,107,11.075932,3.328052
ProT,nucleosomal,108,10.559122,3.24948
ProT,nucleosomal,109,11.135391,3.336973
ProT,nucleosomal,110,11.04739,3.323761
ProT,nucleosomal,111,11.203562,3.347172
ProT,nucleosomal,112,11.256357,3.355049
ProT,nucleosomal,113,11.426584,3.380323
ProT,nucleosomal,114,11.149074,3.339023
ProT,nucleosomal,115,11.217135,3.349199
ProT,nucleosomal,116,11.115137,3.333937
ProT,nucleosomal,117,11.752237,3.428154
ProT,nucleosomal,118,11.673032,3.416582
ProT,nucleosomal,119,11.761639,3.429525
ProT,nucleosomal,120,11.598738,3.405692
ProT,nucleosomal,121,11.627467,3.409907
ProT,nucleosomal,122,10.975837,3.31298
ProT,nucleosomal,123,11.288808,3.359882
ProT,nucleosomal,124,11.457477,3.38489
ProT,nucleosomal,125,11.092097,3.33048
ProT,nucleosomal,126,11.52388,3.394684
ProT,nucleosomal,127,11.700059,3.420535
ProT,nucleosomal,128,11.623725,3.409358
ProT,nucleosomal,129,11.769976,3.43074
ProT,nucleosomal,130,11.865639,3.444654
ProT,nucleosomal,131,12.052581,3.471683
ProT,nucleosomal,132,12.081609,3.475861
ProT,nucleosomal,133,11.489296,3.389586
ProT,nucleosomal,134,11.493752,3.390244
ProT,nucleosomal,135,11.713141,3.422447
ProT,nucleosomal,136,11.870197,3.445315
ProT,nucleosomal,137,12.038819,3.4697
ProT,nucleosomal,138,11.562603,3.400383
ProT,nucleosomal,139,12.079012,3.475487
ProT,nucleosomal,140,11.560687,3.400101
ProT,nucleosomal,141,12.180799,3.4901
ProT,nucleosomal,142,12.505863,3.536363
ProT,nucleosomal,143,12.180293,3.490028
ProT,nucleosomal,144,11.726458,3.424392
ProT,nucleosomal,145,11.90001,3.449639
ProT,nucleosomal,146,,
ProT,nucleosomal,147,,
ProT,linker,1,,
ProT,linker,2,,
ProT,linker,3,13.993657,3.74081
ProT,linker,4,13.937143,3.733248
ProT,linker,5,13.525961,3.677766
ProT,linker,6,13.897575,3.727945
ProT,linker,7,14.319294,3.784084
ProT,linker,8,14.391766,3.793648
ProT,linker,9,14.608055,3.822049
ProT,linker,10,14.311223,3.783018
ProT,linker,11,13.968218,3.737408
ProT,linker,12,13.696458,3.700873
ProT,linker,13,14.246197,3.774413
ProT,linker,14,14.459165,3.802521
ProT,linker,15,14.348865,3.78799
ProT,linker,16,14.611586,3.82251
ProT,linker,17,14.132368,3.759304
ProT,linker,18,14.089241,3.753564
ProT,linker,19,14.123672,3.758147
ProT,linker,20,14.30139,3.781718
ProT,linker,21,14.419921,3.797357
ProT,linker,22,14.965475,3.868524
ProT,linker,23,14.649391,3.827452
ProT,linker,24,14.463585,3.803102
ProT,linker,25,14.556991,3.815363
ProT,linker,26,14.164383,3.76356
ProT,linker,27,14.534822,3.812456
ProT,linker,28,13.907486,3.729274
ProT,linker,29,14.470696,3.804037
ProT,linker,30,14.398616,3.794551
ProT,linker,31,14.081167,3.752488
ProT,linker,32,14.172662,3.76466
ProT,linker,33,14.477471,3.804927
ProT,linker,34,14.620423,3.823666
ProT,linker,35,14.590914,3.819806
ProT,linker,36,15.321331,3.914247
ProT,linker,37,15.080739,3.883393
ProT,linker,38,14.522057,3.810782
ProT,linker,39,14.831463,3.851164
ProT,linker,40,14.933949,3.864447
ProT,linker,41,15.051436,3.879618
ProT,linker,42,14.794241,3.846328
ProT,linker,43,14.779026,3.84435
ProT,linker,44,15.342208,3.916913
ProT,linker,45,15.321031,3.914209
ProT,linker,46,15.434271,3.928648
ProT,linker,47,15.439677,3.929335
ProT,linker,48,14.870294,3.856202
ProT,linker,49,14.819573,3.84962
ProT,linker,50,14.904508,3.860636
ProT,linker,51,15.160854,3.893694
ProT,linker,52,14.77567,3.843913
ProT,linker,53,15.079037,3.883174
ProT,linker,54,14.761019,3.842007
ProT,linker,55,15.159549,3.893527
ProT,linker,56,15.374585,3.921044
ProT,linker,57,15.090453,3.884643
ProT,linker,58,15.947507,3.993433
ProT,linker,59,15.720044,3.964851
ProT,linker,60,15.60654,3.950511
ProT,linker,61,15.352663,3.918247
ProT,linker,62,15.231798,3.902794
ProT,linker,63,15.287198,3.909885
ProT,linker,64,15.605461,3.950375
ProT,linker,65,15.38441,3.922297
ProT,linker,66,15.166048,3.894361
ProT,linker,67,14.790574,3.845852
ProT,linker,68,14.879864,3.857443
ProT,linker,69,15.634454,3.954043
ProT,linker,70,15.531838,3.941045
ProT,linker,71,15.645406,3.955427
ProT,linker,72,15.1266,3.889293
ProT,linker,73,15.088029,3.884331
ProT,linker,74,15.36346,3.919625
ProT,linker,75,14.982346,3.870704
ProT,linker,76,15.522389,3.939846
ProT,linker,77,15.243665,3.904314
ProT,linker,78,15.777128,3.972043
ProT,linker,79,14.790924,3.845897
ProT,linker,80,14.924689,3.863249
ProT,linker,81,15.146342,3.89183
ProT,linker,82,15.019258,3.875469
ProT,linker,83,14.463547,3.803097
ProT,linker,84,15.21278,3.900356
ProT,linker,85,15.485938,3.935218
ProT,linker,86,15.874547,3.984287
ProT,linker,87,15.249756,3.905094
ProT,linker,88,14.977295,3.870051
ProT,linker,89,15.11755,3.888129
ProT,linker,90,14.743438,3.839718
ProT,linker,91,14.752852,3.840944
ProT,linker,92,14.875852,3.856923
ProT,linker,93,14.98929,3.8716
ProT,linker,94,14.707181,3.834994
ProT,linker,95,14.669634,3.830096
ProT,linker,96,14.730791,3.838071
ProT,linker,97,14.92308,3.86304
ProT,linker,98,14.525519,3.811236
ProT,linker,99,14.522136,3.810792
ProT,linker,100,14.315734,3.783614
ProT,linker,101,14.428584,3.798498
ProT,linker,102,14.60215,3.821276
ProT,linker,103,14.913893,3.861851
ProT,linker,104,14.449932,3.801307
ProT,linker,105,14.229503,3.772201
ProT,linker,106,14.822739,3.850031
ProT,linker,107,14.785404,3.845179
ProT,linker,108,14.600832,3.821103
ProT,linker,109,14.711439,3.835549
ProT,linker,110,14.857047,3.854484
ProT,linker,111,15.02433,3.876123
ProT,linker,112,14.461268,3.802797
ProT,linker,113,14.242831,3.773968
ProT,linker,114,14.44346,3.800455
ProT,linker,115,14.922164,3.862922
ProT,linker,116,15.088655,3.884412
ProT,linker,117,14.986709,3.871267
ProT,linker,118,14.413209,3.796473
ProT,linker,119,14.395004,3.794075
ProT,linker,120,14.394647,3.794028
ProT,linker,121,15.059413,3.880646
ProT,linker,122,14.467997,3.803682
ProT,linker,123,14.331444,3.785689
ProT,linker,124,14.564357,3.816328
ProT,linker,125,14.529454,3.811752
ProT,linker,126,13.832315,3.719182
ProT,linker,127,14.353258,3.788569
ProT,linker,128,14.875296,3.856851
ProT,linker,129,14.810213,3.848404
ProT,linker,130,14.575272,3.817757
ProT,linker,131,14.457528,3.802306
ProT,linker,132,14.917153,3.862273
ProT,linker,133,14.214819,3.770254
ProT,linker,134,14.229514,3.772203
ProT,linker,135,13.72176,3.704289
ProT,linker,136,13.747311,3.707737
ProT,linker,137,13.689848,3.699979
ProT,linker,138,13.872967,3.724643
ProT,linker,139,14.14499,3.760983
ProT,linker,140,13.918676,3.730774
ProT,linker,141,13.919389,3.73087
ProT,linker,142,13.65678,3.695508
ProT,linker,143,14.28495,3.779544
ProT,linker,144,14.07045,3.75106
ProT,linker,145,13.900427,3.728328
ProT,linker,146,,
ProT,linker,147,,
Roll,nucleosomal,1,,
Roll,nucleosomal,2,10.846497,3.293402
Roll,nucleosomal,3,10.252612,3.20197
Roll,nucleosomal,4,10.602601,3.256163
Roll,nucleosomal,5,10.902263,3.301857
Roll,nucleosomal,6,10.272952,3.205145
Roll,nucleosomal,7,10.471528,3.235974
Roll,nucleosomal,8,10.383982,3.222419
Roll,nucleosomal,9,10.050251,3.170213
Roll,nucleosomal,10,10.132206,3.183113
Roll,nucleosomal,11,10.305252,3.210179
Roll,nucleosomal,12,10.451021,3.232804
Roll,nucleosomal,13,10.020256,3.165479
Roll,nucleosomal,14,10.323661,3.213046
Roll,nucleosomal,15,10.323207,3.212975
Roll,nucleosomal,16,10.051585,3.170423
Roll,nucleosomal,17,9.823553,3.134255
Roll,nucleosomal,18,10.192366,3.192549
Roll,nucleosomal,19,9.505477,3.083095
Roll,nucleosomal,20,10.428301,3.229288
Roll,nucleosomal,21,10.275532,3.205547
Roll,nucleosomal,22,9.973378,3.158066
Roll,nucleosomal,23,10.301066,3.209527
Roll,nucleosomal,24,10.072832,3.173772
Roll,nucleosomal,25,10.109258,3.179506
Roll,nucleosomal,26,9.942478,3.15317
Roll,nucleosomal,27,9.435111,3.071663
Roll,nucleosomal,28,10.02088,3.165577
Roll,nucleosomal,29,9.480027,3.078965
Roll,nucleosomal,30,9.656827,3.107544
Roll,nucleosomal,31,9.879165,3.143114
Roll,nucleosomal,32,10.144695,3.185074
Roll,nucleosomal,33,10.030929,3.167164
Roll,nucleosomal,34,9.473052,3.077832
Roll,nucleosomal,35,10.18911,3.192039
Roll,nucleosomal,36,9.907552,3.147626
Roll,nucleosomal,37,9.890925,3.144984
Roll,nucleosomal,38,9.601564,3.098639
Roll,nucleosomal,39,9.772261,3.126062
Roll,nucleosomal,40,9.818318,3.13342
Roll,nucleosomal,41,9.762039,3.124426
Roll,nucleosomal,42,9.495178,3.081425
Roll,nucleosomal,43,9.96297,3.156417
Roll,nucleosomal,44,9.316735,3.052333
Roll,nucleosomal,45,9.88817,3.144546
Roll,nucleosomal,46,9.728238,3.119012
Roll,nucleosomal,47,9.617406,3.101194
Roll,nucleosomal,48,9.658152,3.107757
Roll,nucleosomal,49,9.607898,3.099661
Roll,nucleosomal,50,9.850878,3.138611
Roll,nucleosomal,51,10.002652,3.162697
Roll,nucleosomal,52,9.755034,3.123305
Roll,nucleosomal,53,9.489957,3.080577
Roll,nucleosomal,54,9.592359,3.097153
Roll,nucleosomal,55,10.375982,3.221177
Roll,nucleosomal,56,9.662066,3.108386
Roll,nucleosomal,57,10.268715,3.204484
Roll,nucleosomal,58,9.991995,3.161012
Roll,nucleosomal,59,9.988245,3.160418
Roll,nucleosomal,60,9.238402,3.039474
Roll,nucleosomal,61,9.837903,3.136543
Roll,nucleosomal,62,10.023478,3.165988
Roll,nucleosomal,63,9.816417,3.133116
Roll,nucleosomal,64,9.67609,3.110641
Roll,nucleosomal,65,9.842457,3.137269
Roll,nucleosomal,66,9.551658,3.090576
Roll,nucleosomal,67,9.827848,3.13494
Roll,nucleosomal,68,9.654024,3.107093
Roll,nucleosomal,69,9.884245,3.143922
Roll,nucleosomal,70,9.417194,3.068745
Roll,nucleosomal,71,9.634936,3.104019
Roll,nucleosomal,72,9.747846,3.122154
Roll,nucleosomal,73,8.93186,2.988622
Roll,nucleosomal,74,9.149395,3.024797
Roll,nucleosomal,75,8.867567,2.977846
Roll,nucleosomal,76,9.298481,3.049341
Roll,nucleosomal,77,8.430998,2.903618
Roll,nucleosomal,78,9.155259,3.025766
Roll,nucleosomal,79,9.477184,3.078504
Roll,nucleosomal,80,8.922304,2.987023
Roll,nucleosomal,81,9.493933,3.081223
Roll,nucleosomal,82,9.42123,3.069402
Roll,nucleosomal,83,9.733296,3.119823
Roll,nucleosomal,84,9.497168,3.081747
Roll,nucleosomal,85,9.468459,3.077086
Roll,nucleosomal,86,10.082639,3.175317
Roll,nucleosomal,87,9.716907,3.117195
Roll,nucleosomal,88,10.047558,3.169788
Roll,nucleosomal,89,9.202269,3.033524
Roll,nucleosomal,90,9.538863,3.088505
Roll,nucleosomal,91,9.473744,3.077945
Roll,nucleosomal,92,9.562041,3.092255
Roll,nucleosomal,93,9.853244,3.138988
Roll,nucleosomal,94,9.629913,3.10321
Roll,nucleosomal,95,9.948756,3.154165
Roll,nucleosomal,96,9.92242,3.149987
Roll,nucleosomal,97,9.905088,3.147235
Roll,nucleosomal,98,9.944913,3.153556
Roll,nucleosomal,99,9.104235,3.017322
Roll,nucleosomal,100,10.235005,3.199219
Roll,nucleosomal,101,10.24148,3.200231
Roll,nucleosomal,102,10.236982,3.199528
Roll,nucleosomal,103,9.718576,3.117463
Roll,nucleosomal,104,10.275061,3.205474
Roll,nucleosomal,105,9.669151,3.109526
Roll,nucleosomal,106,9.699035,3.114327
Roll,nucleosomal,107,9.872342,3.142028
Roll,nucleosomal,108,10.061616,3.172005
Roll,nucleosomal,109,9.910019,3.148018
Roll,nucleosomal,110,9.678684,3.111058
Roll,nucleosomal,111,9.94296,3.153246
Roll,nucleosomal,112,10.186795,3.191676
Roll,nucleosomal,113,9.768765,3.125502
Roll,nucleosomal,114,9.489751,3.080544
Roll,nucleosomal,115,10.12563,3.182079
Roll,nucleosomal,116,9.885317,3.144092
Roll,nucleosomal,117,9.802648,3.130918
Roll,nucleosomal,118,9.948622,3.154144
Roll,nucleosomal,119,9.373436,3.061607
Roll,nucleosomal,120,9.659475,3.10797
Roll,nucleosomal,121,10.165277,3.188303
Roll,nucleosomal,122,9.419821,3.069173
Roll,nucleosomal,123,9.661152,3.108239
Roll,nucleosomal,124,9.73714,3.120439
Roll,nucleosomal,125,9.558014,3.091604
Roll,nucleosomal,126,10.408896,3.226282
Roll,nucleosomal,127,9.628216,3.102937
Roll,nucleosomal,128,9.939075,3.15263
Roll,nucleosomal,129,10.013453,3.164404
Roll,nucleosomal,130,9.591568,3.097026
Roll,nucleosomal,131,9.967576,3.157147
Roll,nucleosomal,132,9.683383,3.111814
Roll,nucleosomal,133,10.724762,3.274868
Roll,nucleosomal,134,10.063751,3.172342
Roll,nucleosomal,135,10.271965,3.204991
Roll,nucleosomal,136,9.71856,3.117461
Roll,nucleosomal,137,8.72336,2.953534
Roll,nucleosomal,138,10.429594,3.229488
Roll,nucleosomal,139,9.902878,3.146884
Roll,nucleosomal,140,10.415037,3.227234
Roll,nucleosomal,141,9.999533,3.162204
Roll,nucleosomal,142,10.192215,3.192525
Roll,nucleosomal,143,9.599582,3.098319
Roll,nucleosomal,144,10.409506,3.226377
Roll,nucleosomal,145,10.492951,3.239283
Roll,nucleosomal,146,,
Roll,nucleosomal,147,,
Roll,linker,1,,
Roll,linker,2,11.987314,3.46227
Roll,linker,3,11.49449,3.390353
Roll,linker,4,10.834527,3.291584
Roll,linker,5,11.500615,3.391256
Roll,linker,6,11.586983,3.403966
Roll,linker,7,10.80556,3.287181
Roll,linker,8,11.297932,3.36124
Roll,linker,9,11.043808,3.323222
Roll,linker,10,11.585852,3.4038
Roll,linker,11,11.269633,3.357027
Roll,linker,12,11.492009,3.389987
Roll,linker,13,10.741894,3.277483
Roll,linker,14,11.206187,3.347564
Roll,linker,15,11.780705,3.432303
Roll,linker,16,11.383927,3.374008
Roll,linker,17,12.014194,3.46615
Roll,linker,18,11.485254,3.38899
Roll,linker,19,11.571424,3.40168
Roll,linker,20,11.404324,3.377029
Roll,linker,21,11.539035,3.396915
Roll,linker,22,11.404333,3.37703
Roll,linker,23,11.556386,3.399468
Roll,linker,24,11.745691,3.427199
Roll,linker,25,11.17048,3.342227
Roll,linker,26,11.244078,3.353219
Roll,linker,27,11.821014,3.43817
Roll,linker,28,11.87732,3.446349
Roll,linker,29,11.295416,3.360865
Roll,linker,30,11.54218,3.397378
Roll,linker,31,11.789954,3.43365
Roll,linker,32,11.62281,3.409224
Roll,linker,33,11.833826,3.440033
Roll,linker,34,11.696466,3.42001
Roll,linker,35,11.566532,3.40096
Roll,linker,36,11.352754,3.369385
Roll,linker,37,11.721939,3.423732
Roll,linker,38,11.505775,3.392016
Roll,linker,39,11.529627,3.39553
Roll,linker,40,11.440255,3.382345
Roll,linker,41,11.568142,3.401197
Roll,linker,42,12.057953,3.472456
Roll,linker,43,12.023021,3.467423
Roll,linker,44,11.675351,3.416921
Roll,linker,45,11.607406,3.406964
Roll,linker,46,11.961749,3.458576
Roll,linker,47,11.89165,3.448427
Roll,linker,48,11.698474,3.420303
Roll,linker,49,11.949695,3.456833
Roll,linker,50,10.850683,3.294037
Roll,linker,51,11.821967,3.438309
Roll,linker,52,11.580488,3.403012
Roll,linker,53,10.973472,3.312623
Roll,linker,54,12.037927,3.469572
Roll,linker,55,11.484255,3.388843
Roll,linker,56,11.798182,3.434848
Roll,linker,57,12.162886,3.487533
Roll,linker,58,11.690237,3.419099
Roll,linker,59,10.921621,3.304788
Roll,linker,60,11.594827,3.405118
Roll,linker,61,11.700302,3.42057
Roll,linker,62,11.421557,3.379579
Roll,linker,63,11.274096,3.357692
Roll,linker,64,12.184804,3.490674
Roll,linker,65,11.239221,3.352495
Roll,linker,66,11.552883,3.398953
Roll,linker,67,11.806702,3.436088
Roll,linker,68,12.286435,3.505201
Roll,linker,69,10.773705,3.282332
Roll,linker,70,11.655766,3.414054
Roll,linker,71,11.707239,3.421584
Roll,linker,72,11.352069,3.369283
Roll,linker,73,12.009797,3.465515
Roll,linker,74,11.488522,3.389472
Roll,linker,75,11.872488,3.445648
Roll,linker,76,11.589741,3.404371
Roll,linker,77,11.250095,3.354116
Roll,linker,78,12.112028,3.480234
Roll,linker,79,11.618725,3.408625
Roll,linker,80,11.605674,3.40671
Roll,linker,81,11.27908,3.358434
Roll,linker,82,11.651224,3.413389
Roll,linker,83,11.917107,3.452116
Roll,linker,84,11.383535,3.373949
Roll,linker,85,10.582628,3.253095
Roll,linker,86,12.131889,3.483086
Roll,linker,87,11.545967,3.397936
Roll,linker,88,11.945155,3.456176
Roll,linker,89,11.106638,3.332662
Roll,linker,90,11.33025,3.366044
Roll,linker,91,11.740566,3.426451
Roll,linker,92,11.561751,3.400257
Roll,linker,93,11.728948,3.424755
Roll,linker,94,11.734441,3.425557
Roll,linker,95,11.326674,3.365512
Roll,linker,96,11.3626,3.370846
Roll,linker,97,11.855232,3.443143
Roll,linker,98,11.549162,3.398406
Roll,linker,99,11.382658,3.373819
Roll,linker,100,11.734259,3.42553
Roll,linker,101,12.009683,3.465499
Roll,linker,102,11.545976,3.397937
Roll,linker,103,11.08155,3.328896
Roll,linker,104,11.606433,3.406821
Roll,linker,105,11.231489,3.351341
Roll,linker,106,11.21163,3.348377
Roll,linker,107,10.747022,3.278265
Roll,linker,108,11.873339,3.445771
Roll,linker,109,11.441768,3.382568
Roll,linker,110,11.028417,3.320906
Roll,linker,111,11.799754,3.435077
Roll,linker,112,11.286464,3.359533
Roll,linker,113,11.396575,3.375881
Roll,linker,114,12.06394,3.473318
Roll,linker,115,11.487242,3.389283
Roll,linker,116,11.686342,3.418529
Roll,linker,117,11.374407,3.372596
Roll,linker,118,11.590998,3.404555
Roll,linker,119,11.442545,3.382683
Roll,linker,120,11.161776,3.340924
Roll,linker,121,11.295677,3.360904
Roll,linker,122,11.307484,3.36266
Roll,linker,123,11.581329,3.403135
Roll,linker,124,11.215323,3.348929
Roll,linker,125,10.544256,3.247192
Roll,linker,126,12.082592,3.476002
Roll,linker,127,11.132688,3.336568
Roll,linker,128,11.494943,3.390419
Roll,linker,129,11.157935,3.34035
Roll,linker,130,11.491464,3.389906
Roll,linker,131,11.234862,3.351845
Roll,linker,132,11.591805,3.404674
Roll,linker,133,11.435941,3.381707
Roll,linker,134,11.237693,3.352267
Roll,linker,135,11.121423,3.33488
Roll,linker,136,11.049034,3.324009
Roll,linker,137,11.358806,3.370283
Roll,linker,138,11.122324,3.335015
Roll,linker,139,11.385503,3.374241
Roll,linker,140,11.722383,3.423797
Roll,linker,141,11.391424,3.375118
Roll,linker,142,11.642117,3.412055
Roll,linker,143,10.915576,3.303873
Roll,linker,144,11.162431,3.341022
Roll,linker,145,11.748844,3.427659
Roll,linker,146,,
Roll,linker,147,,
